0,why is afghanistan so poor,2016-05-07 16:39:49,Afganistan
1,why is afghanistan so important,2016-05-07 16:39:49,Afganistan
2,why is afghanistan so hard to conquer,2016-05-07 16:39:49,Afganistan
3,why is afghanistan so dangerous,2016-05-07 16:39:49,Afganistan
4,why is afghanistan so corrupt,2016-05-07 16:39:49,Afganistan
5,why is afghanistan so backward,2016-05-07 16:39:49,Afganistan
6,why is afghanistan so violent,2016-05-07 16:39:49,Afganistan
7,why is afghanistan so important geopolitically,2016-05-07 16:39:49,Afganistan
8,why is afghanistan so underdeveloped,2016-05-07 16:39:49,Afganistan
9,why is afghanistan so strategically important,2016-05-07 16:39:49,Afganistan
0,why is argentina so white,2016-05-07 16:39:49,Argentina
1,why is argentina so poor,2016-05-07 16:39:49,Argentina
2,why is argentina so corrupt,2016-05-07 16:39:49,Argentina
3,why is argentina so racist,2016-05-07 16:39:49,Argentina
4,why is argentina so rich,2016-05-07 16:39:49,Argentina
5,why is argentina so good at soccer,2016-05-07 16:39:49,Argentina
6,why is argentina so expensive,2016-05-07 16:39:49,Argentina
7,why is argentina so good at football,2016-05-07 16:39:49,Argentina
8,why is argentina so european,2016-05-07 16:39:49,Argentina
0,why is australia so dry,2016-05-07 16:39:49,Australia
1,why is australia so hot,2016-05-07 16:39:49,Australia
2,why is australia so deadly,2016-05-07 16:39:49,Australia
3,why is australia so racist,2016-05-07 16:39:49,Australia
4,why is australia so scary,2016-05-07 16:39:49,Australia
5,why is australia so weird,2016-05-07 16:39:49,Australia
6,why is australia so far away,2016-05-07 16:39:49,Australia
7,why is australia so unique,2016-05-07 16:39:49,Australia
8,why is australia so boring,2016-05-07 16:39:49,Australia
9,why is australia so rich,2016-05-07 16:39:49,Australia
0,why is austria so small,2016-05-07 16:39:49,Austria
1,why is austria so wealthy,2016-05-07 16:39:49,Austria
2,why is austria so racist,2016-05-07 16:39:49,Austria
3,why is austria so rich,2016-05-07 16:39:49,Austria
4,why is austria so,2016-05-07 16:39:49,Austria
0,why is bangladesh so poor,2016-05-07 16:39:49,Bangladesh
1,why is bangladesh so populated,2016-05-07 16:39:49,Bangladesh
2,why is bangladesh so overpopulated,2016-05-07 16:39:49,Bangladesh
3,why is bangladesh so corrupt,2016-05-07 16:39:49,Bangladesh
4,why is bangladesh so prone to flooding,2016-05-07 16:39:49,Bangladesh
5,why is bangladesh so dirty,2016-05-07 16:39:49,Bangladesh
6,why is bangladesh so vulnerable to sea-level rise,2016-05-07 16:39:49,Bangladesh
0,why is barbados so expensive,2016-05-07 16:39:49,Barbados
1,why is barbados so foreign to the narrator,2016-05-07 16:39:49,Barbados
2,why is barbados so popular,2016-05-07 16:39:49,Barbados
3,why is barbados so densely populated,2016-05-07 16:39:49,Barbados
0,why is belarus so scary,2016-05-07 16:39:49,Belarus
1,why is belarus so poor,2016-05-07 16:39:49,Belarus
2,why is belarus inflation so high,2016-05-07 16:39:49,Belarus
3,why is belarus interest rate so high,2016-05-07 16:39:49,Belarus
0,why is belgium so dangerous,2016-05-07 16:39:49,Belgium
1,why is belgium so weak,2016-05-07 16:39:49,Belgium
2,why is belgium so boring,2016-05-07 16:39:49,Belgium
3,why is belgium so divided,2016-05-07 16:39:49,Belgium
4,why is belgium so muslim,2016-05-07 16:39:49,Belgium
5,why is belgium so good at football,2016-05-07 16:39:49,Belgium
6,why is belgium so rich,2016-05-07 16:39:49,Belgium
7,why is belgium so densely populated,2016-05-07 16:39:49,Belgium
8,why is belgium so bright from space,2016-05-07 16:39:49,Belgium
9,why is belgium so liberal,2016-05-07 16:39:49,Belgium
0,why is bolivia so poor,2016-05-07 16:39:49,Bolivia
1,why is bolivia so unfriendly,2016-05-07 16:39:49,Bolivia
0,why is bosnia and herzegovina so poor,2016-05-07 16:39:50,Bosnia and Herzegovnia
0,why is brazil so violent,2016-05-07 16:39:50,Brazil
1,why is brazil so corrupt,2016-05-07 16:39:50,Brazil
2,why is brazil so big,2016-05-07 16:39:50,Brazil
3,why is brazil so rich in hydroelectric power,2016-05-07 16:39:50,Brazil
4,why is brazil so poor,2016-05-07 16:39:50,Brazil
5,why is brazil so good at soccer,2016-05-07 16:39:50,Brazil
6,why is brazil so populated,2016-05-07 16:39:50,Brazil
7,why is brazil so dirty,2016-05-07 16:39:50,Brazil
8,why is brazil so racist,2016-05-07 16:39:50,Brazil
9,why is brazil so diverse,2016-05-07 16:39:50,Brazil
0,why is bulgaria so poor,2016-05-07 16:39:50,Bulgaria
1,why is bulgaria so cheap,2016-05-07 16:39:50,Bulgaria
2,why is bulgaria so unhappy,2016-05-07 16:39:50,Bulgaria
3,why is bulgaria so bad,2016-05-07 16:39:50,Bulgaria
4,why is bulgaria so,2016-05-07 16:39:50,Bulgaria
5,why is bulgaria property so cheap,2016-05-07 16:39:50,Bulgaria
6,why is the capital of bulgaria sofia,2016-05-07 16:39:50,Bulgaria
0,why is cambodia so poor,2016-05-07 16:39:50,Cambodia
1,why is cambodia so expensive,2016-05-07 16:39:50,Cambodia
2,why is cambodia so hot,2016-05-07 16:39:50,Cambodia
3,why is cambodia so corrupt,2016-05-07 16:39:50,Cambodia
4,why is the life expectancy in cambodia so low,2016-05-07 16:39:50,Cambodia
0,why is cameroon so poor,2016-05-07 16:39:50,Cameroon
0,why is canada so nice,2016-05-07 16:39:50,Canada
1,why is canada so cold,2016-05-07 16:39:50,Canada
2,why is canada so gay,2016-05-07 16:39:50,Canada
3,why is canada so liberal,2016-05-07 16:39:50,Canada
4,why is canada so great,2016-05-07 16:39:50,Canada
5,why is canada so big,2016-05-07 16:39:50,Canada
6,why is canada so safe,2016-05-07 16:39:50,Canada
7,why is canada so weird,2016-05-07 16:39:50,Canada
8,why is canada so sparsely populated,2016-05-07 16:39:50,Canada
9,why is canada so cool,2016-05-07 16:39:50,Canada
0,why is central african republic so poor,2016-05-07 16:39:50,Central African Republic
1,central african republic soccer,2016-05-07 16:39:50,Central African Republic
2,central african republic soccer team,2016-05-07 16:39:50,Central African Republic
3,central african republic soccerway,2016-05-07 16:39:50,Central African Republic
4,central african republic social issues,2016-05-07 16:39:50,Central African Republic
5,central african republic solutions,2016-05-07 16:39:50,Central African Republic
6,central african republic south sudan,2016-05-07 16:39:50,Central African Republic
7,central african republic soldiers,2016-05-07 16:39:50,Central African Republic
8,central african republic social problems,2016-05-07 16:39:50,Central African Republic
9,central african republic society,2016-05-07 16:39:50,Central African Republic
0,why is chile so long,2016-05-07 16:39:50,Chile
1,why is chile so dry,2016-05-07 16:39:50,Chile
2,why is chile so developed,2016-05-07 16:39:50,Chile
3,why is chile so rich,2016-05-07 16:39:50,Chile
4,why is chile so successful,2016-05-07 16:39:50,Chile
5,why is chile so expensive,2016-05-07 16:39:50,Chile
6,why is chile so hot,2016-05-07 16:39:50,Chile
7,why is chile so prone to earthquakes,2016-05-07 16:39:50,Chile
0,why is china so polluted,2016-05-07 16:39:50,China
1,why is china so populated,2016-05-07 16:39:50,China
2,why is china so big,2016-05-07 16:39:50,China
3,why is china so powerful,2016-05-07 16:39:50,China
4,why is china so rich,2016-05-07 16:39:50,China
5,why is china so corrupt,2016-05-07 16:39:50,China
6,why is china so disgusting,2016-05-07 16:39:50,China
7,why is china so poor,2016-05-07 16:39:50,China
8,why is china so dirty,2016-05-07 16:39:50,China
9,why is china so cheap,2016-05-07 16:39:50,China
0,why is colombia so poor,2016-05-07 16:39:50,Colombia
1,why is colombia so happy,2016-05-07 16:39:50,Colombia
2,why is colombia so violent,2016-05-07 16:39:50,Colombia
3,why is colombia so corrupt,2016-05-07 16:39:50,Colombia
4,why is colombia so dangerous,2016-05-07 16:39:50,Colombia
5,why is colombia so beautiful,2016-05-07 16:39:50,Colombia
0,why is costa rica so diverse,2016-05-07 16:39:50,Costa Rica
1,why is costa rica so biodiverse,2016-05-07 16:39:50,Costa Rica
2,why is costa rica so expensive,2016-05-07 16:39:50,Costa Rica
3,why is costa rica so safe,2016-05-07 16:39:50,Costa Rica
4,why is costa rica so happy,2016-05-07 16:39:50,Costa Rica
5,why is costa rica so popular,2016-05-07 16:39:50,Costa Rica
6,why is costa rica so poor,2016-05-07 16:39:50,Costa Rica
7,why is costa rica so white,2016-05-07 16:39:50,Costa Rica
8,why is costa rica so stable,2016-05-07 16:39:50,Costa Rica
9,why is costa rica so cheap,2016-05-07 16:39:50,Costa Rica
0,cote d ivoire soccer,2016-05-07 16:39:50,Cote d Ivoire
1,cote d ivoire soccer team,2016-05-07 16:39:50,Cote d Ivoire
2,cote d'ivoire soccerway,2016-05-07 16:39:50,Cote d Ivoire
3,cote d'ivoire soccer coach,2016-05-07 16:39:50,Cote d Ivoire
4,cote d ivoire soccer roster,2016-05-07 16:39:50,Cote d Ivoire
5,cote d'ivoire soccer jersey,2016-05-07 16:39:50,Cote d Ivoire
6,cote d'ivoire soccer team roster,2016-05-07 16:39:50,Cote d Ivoire
7,cote d'ivoire soccer team 2014,2016-05-07 16:39:50,Cote d Ivoire
8,cote d'ivoire soccer team players,2016-05-07 16:39:50,Cote d Ivoire
9,cote d'ivoire songs,2016-05-07 16:39:50,Cote d Ivoire
0,why is croatia so popular,2016-05-07 16:39:50,Croatia
1,why is croatia so oddly shaped,2016-05-07 16:39:50,Croatia
2,why is croatia so expensive,2016-05-07 16:39:50,Croatia
3,why is croatia so cheap,2016-05-07 16:39:50,Croatia
4,why is croatia so good at sport,2016-05-07 16:39:50,Croatia
5,why is croatia so beautiful,2016-05-07 16:39:50,Croatia
6,why is croatia so racist,2016-05-07 16:39:50,Croatia
7,why is croatia so good at football,2016-05-07 16:39:50,Croatia
8,why is croatia so,2016-05-07 16:39:50,Croatia
9,why is croatia so poor,2016-05-07 16:39:50,Croatia
0,why is cuba so poor,2016-05-07 16:39:50,Cuba
1,why is cuba so bad,2016-05-07 16:39:50,Cuba
2,why is cuba so good at baseball,2016-05-07 16:39:50,Cuba
3,why is cuba so behind,2016-05-07 16:39:50,Cuba
4,why is cuba so important,2016-05-07 16:39:50,Cuba
5,why is cuba socialist,2016-05-07 16:39:50,Cuba
6,why is cuba so far behind,2016-05-07 16:39:50,Cuba
7,why is cuba so old,2016-05-07 16:39:50,Cuba
8,why is cuba so expensive,2016-05-07 16:39:50,Cuba
9,why is cuba so behind in technology,2016-05-07 16:39:50,Cuba
0,why is czech republic so atheist,2016-05-07 16:39:51,Czech Republic
1,why is czech republic so cheap,2016-05-07 16:39:51,Czech Republic
2,why is czech republic so poor,2016-05-07 16:39:51,Czech Republic
3,is czech republic socialist,2016-05-07 16:39:51,Czech Republic
0,why is denmark so happy,2016-05-07 16:39:51,Denmark
1,why is denmark so rich,2016-05-07 16:39:51,Denmark
2,why is denmark so expensive,2016-05-07 16:39:51,Denmark
3,why is denmark socialist,2016-05-07 16:39:51,Denmark
4,why is denmark so wealthy,2016-05-07 16:39:51,Denmark
5,why is denmark so small,2016-05-07 16:39:51,Denmark
6,why is denmark so good,2016-05-07 16:39:51,Denmark
7,why is denmark so happy 2016,2016-05-07 16:39:51,Denmark
8,why is denmark so successful,2016-05-07 16:39:51,Denmark
9,why is denmark so awesome,2016-05-07 16:39:51,Denmark
0,why is ecuador so poor,2016-05-07 16:39:51,Ecuador
1,why is ecuador so cheap,2016-05-07 16:39:51,Ecuador
0,why is egypt sometimes called the gift of the nile,2016-05-07 16:39:51,Egypt
1,why is egypt so hot,2016-05-07 16:39:51,Egypt
2,why is egypt so special,2016-05-07 16:39:51,Egypt
3,why is egypt so dry,2016-05-07 16:39:51,Egypt
4,why is egypt so poor,2016-05-07 16:39:51,Egypt
5,why is egypt so popular,2016-05-07 16:39:51,Egypt
6,why is egypt so populated,2016-05-07 16:39:51,Egypt
7,why is egypt so important,2016-05-07 16:39:51,Egypt
8,why is egypt so dependent on the nile river,2016-05-07 16:39:51,Egypt
9,why is egypt so good at squash,2016-05-07 16:39:51,Egypt
0,why is el salvador so violent,2016-05-07 16:39:51,El Salvador
1,why is el salvador so dangerous,2016-05-07 16:39:51,El Salvador
2,why is el salvador so poor,2016-05-07 16:39:51,El Salvador
3,why is el salvador so densely settled,2016-05-07 16:39:51,El Salvador
4,why is el salvador so small,2016-05-07 16:39:51,El Salvador
5,why is el salvador so densely populated,2016-05-07 16:39:51,El Salvador
6,is el salvador south america,2016-05-07 16:39:51,El Salvador
0,why is estonia so cold,2016-05-07 16:39:51,Estonia
1,why is estonia so atheist,2016-05-07 16:39:51,Estonia
2,why is estonia so poor,2016-05-07 16:39:51,Estonia
3,why is estonia so rich,2016-05-07 16:39:51,Estonia
4,why is estonia so irreligious,2016-05-07 16:39:51,Estonia
5,why is estonia so,2016-05-07 16:39:51,Estonia
6,why is estonia doing so well,2016-05-07 16:39:51,Estonia
0,why is ethiopia so poor,2016-05-07 16:39:51,Ethiopia
1,why is ethiopia so impoverished,2016-05-07 16:39:51,Ethiopia
2,why is ethiopia so populated,2016-05-07 16:39:51,Ethiopia
3,why is ethiopia so underdeveloped,2016-05-07 16:39:51,Ethiopia
4,why is ethiopia so important,2016-05-07 16:39:51,Ethiopia
5,why is ethiopia so poor yahoo answers,2016-05-07 16:39:51,Ethiopia
6,why is ethiopia so good at running,2016-05-07 16:39:51,Ethiopia
7,why is ethiopia so special,2016-05-07 16:39:51,Ethiopia
8,why is dallol ethiopia so hot,2016-05-07 16:39:51,Ethiopia
9,why is ethiopia life expectancy so low,2016-05-07 16:39:51,Ethiopia
0,why is finland so great,2016-05-07 16:39:51,Finland
1,why is finland so smart,2016-05-07 16:39:51,Finland
2,why is finland so rich,2016-05-07 16:39:51,Finland
3,why is finland socialist,2016-05-07 16:39:51,Finland
4,why is finland so successful in education,2016-05-07 16:39:51,Finland
5,why is finland so cold,2016-05-07 16:39:51,Finland
6,why is finland so happy,2016-05-07 16:39:51,Finland
7,why is finland so successful,2016-05-07 16:39:51,Finland
8,why is finland so depressing,2016-05-07 16:39:51,Finland
9,why is finland so expensive,2016-05-07 16:39:51,Finland
0,why is france so popular,2016-05-07 16:39:51,France
1,why is france so romantic,2016-05-07 16:39:51,France
2,why is france so anti semitic,2016-05-07 16:39:51,France
3,why is france so liberal,2016-05-07 16:39:51,France
4,why is france so important,2016-05-07 16:39:51,France
5,why is france socialist,2016-05-07 16:39:51,France
6,why is france so great,2016-05-07 16:39:51,France
7,why is france so gay,2016-05-07 16:39:51,France
8,why is france so rich,2016-05-07 16:39:51,France
9,why is france so important to the wine world,2016-05-07 16:39:51,France
0,why is germany so rich,2016-05-07 16:39:51,Germany
1,why is germany so powerful,2016-05-07 16:39:51,Germany
2,why is germany so great,2016-05-07 16:39:51,Germany
3,why is germany so liberal,2016-05-07 16:39:51,Germany
4,why is germany so populated,2016-05-07 16:39:51,Germany
5,why is germany so smart,2016-05-07 16:39:51,Germany
6,why is germany so popular,2016-05-07 16:39:51,Germany
7,why is germany so awesome,2016-05-07 16:39:51,Germany
8,why is germany so environmentally friendly,2016-05-07 16:39:51,Germany
9,why is germany so racist,2016-05-07 16:39:51,Germany
0,why is ghana so poor,2016-05-07 16:39:51,Ghana
1,why is ghana so important,2016-05-07 16:39:51,Ghana
2,why is ghana so hot,2016-05-07 16:39:51,Ghana
3,why is ghana good at soccer,2016-05-07 16:39:51,Ghana
0,why is greece so poor,2016-05-07 16:39:51,Greece
1,why is greece so tectonically active,2016-05-07 16:39:51,Greece
2,why is greece so important,2016-05-07 16:39:51,Greece
3,why is greece so famous,2016-05-07 16:39:51,Greece
4,why is greece so expensive,2016-05-07 16:39:51,Greece
5,why is greece so hot,2016-05-07 16:39:51,Greece
6,why is greece so white,2016-05-07 16:39:51,Greece
7,why is greece so cheap,2016-05-07 16:39:51,Greece
8,why is greece so anti semitic,2016-05-07 16:39:51,Greece
9,why is greece so corrupt,2016-05-07 16:39:51,Greece
0,why is greenland so big,2016-05-07 16:39:51,Greenland
1,why is greenland so big on maps,2016-05-07 16:39:51,Greenland
2,why is greenland so large on the map,2016-05-07 16:39:51,Greenland
3,why is greenland so cold,2016-05-07 16:39:51,Greenland
4,why is greenland so suicidal,2016-05-07 16:39:51,Greenland
5,why is greenland so big on google maps,2016-05-07 16:39:51,Greenland
6,why is greenland so expensive,2016-05-07 16:39:51,Greenland
7,why is greenland sometimes considered part of europe,2016-05-07 16:39:51,Greenland
8,why is greenland so unpopulated,2016-05-07 16:39:51,Greenland
9,why is greenland so hard to infect,2016-05-07 16:39:51,Greenland
0,why is guatemala so poor,2016-05-07 16:39:51,Guatemala
1,why is guatemala so violent,2016-05-07 16:39:51,Guatemala
2,why is guatemala so dangerous,2016-05-07 16:39:51,Guatemala
0,why is honduras so poor,2016-05-07 16:39:52,Honduras
1,why is honduras so bad,2016-05-07 16:39:52,Honduras
2,why is honduras so violent,2016-05-07 16:39:52,Honduras
3,why is honduras so dangerous,2016-05-07 16:39:52,Honduras
4,why is honduras so corrupt,2016-05-07 16:39:52,Honduras
0,why is hong kong so rich,2016-05-07 16:39:52,Hong Kong
1,why is hong kong so safe,2016-05-07 16:39:52,Hong Kong
2,why is hong kong so successful,2016-05-07 16:39:52,Hong Kong
3,why is hong kong so free,2016-05-07 16:39:52,Hong Kong
4,why is hong kong so expensive,2016-05-07 16:39:52,Hong Kong
5,why is hong kong so crowded,2016-05-07 16:39:52,Hong Kong
6,why is hong kong so popular,2016-05-07 16:39:52,Hong Kong
7,why is hong kong so densely populated,2016-05-07 16:39:52,Hong Kong
8,why is hong kong so dense,2016-05-07 16:39:52,Hong Kong
9,why is hong kong so different from the rest of china,2016-05-07 16:39:52,Hong Kong
0,why is hungary so poor,2016-05-07 16:39:52,Hungary
1,why is hungary so racist,2016-05-07 16:39:52,Hungary
2,why is hungary so cheap,2016-05-07 16:39:52,Hungary
3,why is hungary so small,2016-05-07 16:39:52,Hungary
4,why is hungary so good at water polo,2016-05-07 16:39:52,Hungary
5,so hungry,2016-05-07 16:39:52,Hungary
6,why is hungary so poor 444,2016-05-07 16:39:52,Hungary
0,why is iceland so expensive,2016-05-07 16:39:52,Iceland
1,why is iceland so safe,2016-05-07 16:39:52,Iceland
2,why is iceland so volcanically active,2016-05-07 16:39:52,Iceland
3,why is iceland so peaceful,2016-05-07 16:39:52,Iceland
4,why is iceland so popular,2016-05-07 16:39:52,Iceland
5,why is iceland so happy,2016-05-07 16:39:52,Iceland
6,why is iceland so great,2016-05-07 16:39:52,Iceland
7,why is iceland so warm,2016-05-07 16:39:52,Iceland
8,why is iceland so green,2016-05-07 16:39:52,Iceland
9,why is iceland so beautiful,2016-05-07 16:39:52,Iceland
0,why is india so poor,2016-05-07 16:39:52,India
1,why is india so populated,2016-05-07 16:39:52,India
2,why is india so corrupt,2016-05-07 16:39:52,India
3,why is india so dirty,2016-05-07 16:39:52,India
4,why is india so cheap,2016-05-07 16:39:52,India
5,why is india so polluted,2016-05-07 16:39:52,India
6,why is india so hot,2016-05-07 16:39:52,India
7,why is india so filthy,2016-05-07 16:39:52,India
8,why is india so backward,2016-05-07 16:39:52,India
9,why is india so racist,2016-05-07 16:39:52,India
0,why is indonesia so populated,2016-05-07 16:39:52,Indonesia
1,why is indonesia so muslim,2016-05-07 16:39:52,Indonesia
2,why is indonesia so poor,2016-05-07 16:39:52,Indonesia
3,why is indonesia so corrupt,2016-05-07 16:39:52,Indonesia
4,why is indonesia so big,2016-05-07 16:39:52,Indonesia
5,why is indonesia so ethnically diverse,2016-05-07 16:39:52,Indonesia
6,why is indonesia sometimes known as nusantara,2016-05-07 16:39:52,Indonesia
7,why is indonesia so vulnerable to tsunamis,2016-05-07 16:39:52,Indonesia
8,why is indonesia so hot,2016-05-07 16:39:52,Indonesia
9,why is indonesia so overpopulated,2016-05-07 16:39:52,Indonesia
0,why is iran sometimes called a theocratic republic,2016-05-07 16:39:52,Iran
1,why is iran so evil,2016-05-07 16:39:52,Iran
2,why is iran so poor,2016-05-07 16:39:52,Iran
3,why is iran so dangerous,2016-05-07 16:39:52,Iran
4,why is iran so good at wrestling,2016-05-07 16:39:52,Iran
5,why is iran so polluted,2016-05-07 16:39:52,Iran
6,why is iran so hot,2016-05-07 16:39:52,Iran
7,why is iran so important,2016-05-07 16:39:52,Iran
8,why is iran so bad,2016-05-07 16:39:52,Iran
9,why is iran so important to the us,2016-05-07 16:39:52,Iran
0,why is iraq so violent,2016-05-07 16:39:52,Iraq
1,why is iraq so important,2016-05-07 16:39:52,Iraq
2,why is iraq so poor,2016-05-07 16:39:52,Iraq
3,why is iraq so hot,2016-05-07 16:39:52,Iraq
4,why is iraq so dangerous,2016-05-07 16:39:52,Iraq
5,why is iraq so corrupt,2016-05-07 16:39:52,Iraq
6,why is iraq so unstable,2016-05-07 16:39:52,Iraq
7,why is iraq taking so long,2016-05-07 16:39:52,Iraq
8,why is iraq in the news so much,2016-05-07 16:39:52,Iraq
9,why is the us embassy in iraq so big,2016-05-07 16:39:52,Iraq
0,why is ireland so green,2016-05-07 16:39:52,Ireland
1,why is ireland so poor,2016-05-07 16:39:52,Ireland
2,why is ireland so catholic,2016-05-07 16:39:52,Ireland
3,why is ireland so rich,2016-05-07 16:39:52,Ireland
4,why is ireland so rainy,2016-05-07 16:39:52,Ireland
5,why is ireland so warm,2016-05-07 16:39:52,Ireland
6,why is ireland so great,2016-05-07 16:39:52,Ireland
7,why is ireland so beautiful,2016-05-07 16:39:52,Ireland
8,why is ireland so expensive,2016-05-07 16:39:52,Ireland
9,why is ireland so cool,2016-05-07 16:39:52,Ireland
0,why is israel so important,2016-05-07 16:39:52,Israel
1,why is israel so important to judaism,2016-05-07 16:39:52,Israel
2,why is israel so hated,2016-05-07 16:39:52,Israel
3,why is israel so rich,2016-05-07 16:39:52,Israel
4,why is israel so cautious,2016-05-07 16:39:52,Israel
5,why is israel so controversial,2016-05-07 16:39:52,Israel
6,why is israel so small,2016-05-07 16:39:52,Israel
7,why is israel so special,2016-05-07 16:39:52,Israel
8,why is israel so important to the world,2016-05-07 16:39:52,Israel
9,why is israel so evil,2016-05-07 16:39:52,Israel
0,why is italy so poor,2016-05-07 16:39:52,Italy
1,why is italy so beautiful,2016-05-07 16:39:52,Italy
2,why is italy so racist,2016-05-07 16:39:52,Italy
3,why is italy so weak,2016-05-07 16:39:52,Italy
4,why is italy so warm,2016-05-07 16:39:52,Italy
5,why is italy so great,2016-05-07 16:39:52,Italy
6,why is italy so important,2016-05-07 16:39:52,Italy
7,why is italy so popular with tourists,2016-05-07 16:39:52,Italy
8,why is italy so dirty,2016-05-07 16:39:52,Italy
9,why is italy so unique,2016-05-07 16:39:52,Italy
0,why is jamaica so poor,2016-05-07 16:39:52,Jamaica
1,why is jamaica so homophobic,2016-05-07 16:39:52,Jamaica
2,why is jamaica so expensive,2016-05-07 16:39:52,Jamaica
3,why is jamaica so dangerous,2016-05-07 16:39:52,Jamaica
4,why is jamaica so popular,2016-05-07 16:39:52,Jamaica
5,why is jamaica so fast,2016-05-07 16:39:52,Jamaica
6,why is jamaica so hot,2016-05-07 16:39:52,Jamaica
7,why is jamaica so violent,2016-05-07 16:39:52,Jamaica
8,why is jamaica so good at track,2016-05-07 16:39:52,Jamaica
9,why is jamaica so corrupt,2016-05-07 16:39:52,Jamaica
0,why is japan so weird,2016-05-07 16:39:52,Japan
1,why is japan so safe,2016-05-07 16:39:52,Japan
2,why is japan so clean,2016-05-07 16:39:52,Japan
3,why is japan so expensive,2016-05-07 16:39:52,Japan
4,why is japan so advanced,2016-05-07 16:39:52,Japan
5,why is japan so xenophobic,2016-05-07 16:39:52,Japan
6,why is japan so populated,2016-05-07 16:39:52,Japan
7,why is japan so cool,2016-05-07 16:39:52,Japan
8,why is japan so healthy,2016-05-07 16:39:52,Japan
9,why is japan so popular,2016-05-07 16:39:52,Japan
0,why is jordan so gay,2016-05-07 16:39:52,Jordan
1,why is jordan so stupid,2016-05-07 16:39:52,Jordan
2,why is jordan so good,2016-05-07 16:39:52,Jordan
3,why is jordan so expensive,2016-05-07 16:39:52,Jordan
4,why is jordan so stable,2016-05-07 16:39:52,Jordan
5,why is jordan so peaceful,2016-05-07 16:39:52,Jordan
0,why is kazakhstan so big,2016-05-07 16:39:53,Kazakhstan
1,why is kazakhstan so cold,2016-05-07 16:39:53,Kazakhstan
2,why is kazakhstan so sparsely populated,2016-05-07 16:39:53,Kazakhstan
3,why is kazakhstan so rich,2016-05-07 16:39:53,Kazakhstan
4,why is kazakhstan so,2016-05-07 16:39:53,Kazakhstan
0,why is kenya so poor,2016-05-07 16:39:53,Kenya
1,why is kenya so mean,2016-05-07 16:39:53,Kenya
2,why is kenya so corrupt,2016-05-07 16:39:53,Kenya
3,why is kenya so good at running,2016-05-07 16:39:53,Kenya
4,why is kenya so hot,2016-05-07 16:39:53,Kenya
5,why is kenya so special,2016-05-07 16:39:53,Kenya
6,why is kenya so good at marathon,2016-05-07 16:39:53,Kenya
7,why is kenya so expensive,2016-05-07 16:39:53,Kenya
0,is korea republic south or north,2016-05-07 16:39:53,Korea Republic
0,why is kuwait so rich,2016-05-07 16:39:53,Kuwait
1,why is kuwait so hot,2016-05-07 16:39:53,Kuwait
2,why is kuwait so fat,2016-05-07 16:39:53,Kuwait
3,why is kuwait so expensive,2016-05-07 16:39:53,Kuwait
4,why is kuwait so boring,2016-05-07 16:39:53,Kuwait
5,why is kuwait currency so high,2016-05-07 16:39:53,Kuwait
6,why is kuwait currency so strong,2016-05-07 16:39:53,Kuwait
7,why is kuwait airways so cheap,2016-05-07 16:39:53,Kuwait
0,why is lebanon so liberal,2016-05-07 16:39:53,Lebanon
1,why is lebanon so important,2016-05-07 16:39:53,Lebanon
2,why is lebanon so small,2016-05-07 16:39:53,Lebanon
3,why is lebanon so expensive,2016-05-07 16:39:53,Lebanon
4,why is lebanon so westernized,2016-05-07 16:39:53,Lebanon
5,why is virgin radio lebanon so popular,2016-05-07 16:39:53,Lebanon
0,why is libya so lawless,2016-05-07 16:39:53,Libya
1,why is libya so hot,2016-05-07 16:39:53,Libya
2,why is libya so sparsely populated,2016-05-07 16:39:53,Libya
3,why is libya so poor,2016-05-07 16:39:53,Libya
4,why is libya so dangerous,2016-05-07 16:39:53,Libya
5,why is libya so rich,2016-05-07 16:39:53,Libya
6,why is libya so important,2016-05-07 16:39:53,Libya
7,why is libya so corrupt,2016-05-07 16:39:53,Libya
8,why libya is so hard to govern,2016-05-07 16:39:53,Libya
9,why is libya population so low,2016-05-07 16:39:53,Libya
0,why is lithuania so small,2016-05-07 16:39:53,Lithuania
1,why is lithuania so poor,2016-05-07 16:39:53,Lithuania
2,why is lithuania so suicidal,2016-05-07 16:39:53,Lithuania
3,why is lithuania so good at basketball,2016-05-07 16:39:53,Lithuania
4,why is lithuania so bad,2016-05-07 16:39:53,Lithuania
5,why is lithuania so,2016-05-07 16:39:53,Lithuania
6,why is lithuania so violent,2016-05-07 16:39:53,Lithuania
7,why is lithuania's internet so fast,2016-05-07 16:39:53,Lithuania
0,why is luxembourg so rich,2016-05-07 16:39:53,Luxembourg
1,why is luxembourg so small,2016-05-07 16:39:53,Luxembourg
2,why is luxembourg so attractive to foreign companies,2016-05-07 16:39:53,Luxembourg
3,why is luxembourg so expensive,2016-05-07 16:39:53,Luxembourg
4,why is luxembourg's gdp so high,2016-05-07 16:39:53,Luxembourg
0,why is macedonia so poor,2016-05-07 16:39:53,Macedonia
1,why is macedonia so important,2016-05-07 16:39:53,Macedonia
2,why is macedonia so,2016-05-07 16:39:53,Macedonia
0,why is madagascar so poor,2016-05-07 16:39:53,Madagascar
1,why is madagascar so unique,2016-05-07 16:39:53,Madagascar
2,why is madagascar so biodiverse,2016-05-07 16:39:53,Madagascar
3,why is madagascar so diverse,2016-05-07 16:39:53,Madagascar
4,why is madagascar so special,2016-05-07 16:39:53,Madagascar
5,why is madagascar so important,2016-05-07 16:39:53,Madagascar
6,why is saving the biodiversity on madagascar so important,2016-05-07 16:39:53,Madagascar
0,why is malaysia so rich,2016-05-07 16:39:53,Malaysia
1,why is malaysia so hot,2016-05-07 16:39:53,Malaysia
2,why is malaysia so hot now,2016-05-07 16:39:53,Malaysia
3,why is malaysia so poor,2016-05-07 16:39:53,Malaysia
4,why is malaysia so hot 2016,2016-05-07 16:39:53,Malaysia
5,why is malaysia so corrupt,2016-05-07 16:39:53,Malaysia
6,why is malaysia so expensive,2016-05-07 16:39:53,Malaysia
7,why is malaysia so cheap,2016-05-07 16:39:53,Malaysia
8,why is malaysia so hot now 2016,2016-05-07 16:39:53,Malaysia
9,why is malaysia so interested in joining the tpp,2016-05-07 16:39:53,Malaysia
0,why is maldives so expensive,2016-05-07 16:39:53,Maldives
1,why is maldives so beautiful,2016-05-07 16:39:53,Maldives
2,why is maldives so densely populated,2016-05-07 16:39:53,Maldives
3,why is maldives so special,2016-05-07 16:39:53,Maldives
4,why is maldives so popular,2016-05-07 16:39:53,Maldives
5,why is maldives water so clear,2016-05-07 16:39:53,Maldives
6,why is the maldives so vulnerable to climate change,2016-05-07 16:39:53,Maldives
7,why is maldives water so blue,2016-05-07 16:39:53,Maldives
0,why is mauritius so cheap,2016-05-07 16:39:54,Mauritius
1,why is mauritius so expensive,2016-05-07 16:39:54,Mauritius
2,why is mauritius so densely populated,2016-05-07 16:39:54,Mauritius
0,why is mexico so poor,2016-05-07 16:39:54,Mexico
1,why is mexico so bad,2016-05-07 16:39:54,Mexico
2,why is mexico so dangerous,2016-05-07 16:39:54,Mexico
3,why is mexico so violent,2016-05-07 16:39:54,Mexico
4,why is mexico so corrupt,2016-05-07 16:39:54,Mexico
5,why is mexico so obese,2016-05-07 16:39:54,Mexico
6,why is mexico so hot,2016-05-07 16:39:54,Mexico
7,why is mexico so polluted,2016-05-07 16:39:54,Mexico
8,why is mexico so populated,2016-05-07 16:39:54,Mexico
9,why is mexico so important,2016-05-07 16:39:54,Mexico
0,why is monaco so expensive,2016-05-07 16:39:54,Monaco
1,why is monaco so wealthy,2016-05-07 16:39:54,Monaco
2,why is monaco so densely populated,2016-05-07 16:39:54,Monaco
3,why is monaco so small,2016-05-07 16:39:54,Monaco
4,why is club monaco so expensive,2016-05-07 16:39:54,Monaco
5,why monaco sold falcao,2016-05-07 16:39:54,Monaco
6,why is monaco life expectancy so high,2016-05-07 16:39:54,Monaco
0,why is morocco so poor,2016-05-07 16:39:54,Morocco
1,why is morocco so cheap,2016-05-07 16:39:54,Morocco
2,why is morocco so popular,2016-05-07 16:39:54,Morocco
3,why is morocco so,2016-05-07 16:39:54,Morocco
0,why is myanmar so poor,2016-05-07 16:39:54,Myanmar
1,why is myanmar so expensive,2016-05-07 16:39:54,Myanmar
0,why is namibia so sparsely populated,2016-05-07 16:39:54,Namibia
1,why is namibia so dry,2016-05-07 16:39:54,Namibia
2,why namibia is better than south africa,2016-05-07 16:39:54,Namibia
0,why is nepal so poor,2016-05-07 16:39:54,Nepal
1,why is nepal so prone to earthquakes,2016-05-07 16:39:54,Nepal
2,why is nepal so special,2016-05-07 16:39:54,Nepal
3,why is nepal so popular,2016-05-07 16:39:54,Nepal
4,why is nepal having so many earthquakes,2016-05-07 16:39:54,Nepal
5,why is the nepal earthquake so bad,2016-05-07 16:39:54,Nepal
6,why is the nepal earthquake so devastating,2016-05-07 16:39:54,Nepal
0,why is netherlands so rich,2016-05-07 16:39:54,Netherlands
1,why is netherlands so liberal,2016-05-07 16:39:54,Netherlands
2,why is netherlands so densely populated,2016-05-07 16:39:54,Netherlands
3,why is netherlands so flat,2016-05-07 16:39:54,Netherlands
4,why is netherlands soccer jersey orange,2016-05-07 16:39:54,Netherlands
5,why is netherlands soccer orange,2016-05-07 16:39:54,Netherlands
6,why is netherlands soccer team orange,2016-05-07 16:39:54,Netherlands
7,why is netherlands so good at speed skating,2016-05-07 16:39:54,Netherlands
8,why is netherlands so tall,2016-05-07 16:39:54,Netherlands
9,why is netherlands so good at football,2016-05-07 16:39:54,Netherlands
0,why is new zealand so good at rugby,2016-05-07 16:39:54,New Zealand
1,why is new zealand so awesome,2016-05-07 16:39:54,New Zealand
2,why is new zealand so happy,2016-05-07 16:39:54,New Zealand
3,why is new zealand so windy,2016-05-07 16:39:54,New Zealand
4,why is new zealand so boring,2016-05-07 16:39:54,New Zealand
5,why is new zealand so expensive,2016-05-07 16:39:54,New Zealand
6,why is new zealand so beautiful,2016-05-07 16:39:54,New Zealand
7,why is new zealand so wealthy,2016-05-07 16:39:54,New Zealand
8,why is new zealand so good at sport,2016-05-07 16:39:54,New Zealand
9,why is new zealand so hot,2016-05-07 16:39:54,New Zealand
0,why is nigeria so corrupt,2016-05-07 16:39:54,Nigeria
1,why is nigeria so poor,2016-05-07 16:39:54,Nigeria
2,why is nigeria so populous,2016-05-07 16:39:54,Nigeria
3,why is nigeria so rich,2016-05-07 16:39:54,Nigeria
4,why is nigeria so popular,2016-05-07 16:39:54,Nigeria
5,why is nigeria so hot,2016-05-07 16:39:54,Nigeria
6,why is nigeria so dangerous,2016-05-07 16:39:54,Nigeria
7,why is nigeria so messed up,2016-05-07 16:39:54,Nigeria
8,why is nigeria so divided,2016-05-07 16:39:54,Nigeria
9,why is nigeria so overpopulated,2016-05-07 16:39:54,Nigeria
0,why is norway so rich,2016-05-07 16:39:54,Norway
1,why is norway so happy,2016-05-07 16:39:54,Norway
2,why is norway so great,2016-05-07 16:39:54,Norway
3,why is norway so prosperous,2016-05-07 16:39:54,Norway
4,why is norway so cold,2016-05-07 16:39:54,Norway
5,why is norway so awesome,2016-05-07 16:39:54,Norway
6,why is norway so mountainous,2016-05-07 16:39:54,Norway
7,why is norway so peaceful,2016-05-07 16:39:54,Norway
8,why is norway so expensive,2016-05-07 16:39:54,Norway
9,why is norway so successful,2016-05-07 16:39:54,Norway
0,why is oman so peaceful,2016-05-07 16:39:54,Oman
1,why is oman so rich,2016-05-07 16:39:54,Oman
2,why is oman so stable,2016-05-07 16:39:54,Oman
3,why is oman so expensive,2016-05-07 16:39:54,Oman
4,why is oman currency so strong,2016-05-07 16:39:54,Oman
5,why oman sold gwadar,2016-05-07 16:39:54,Oman
0,why is pakistan so poor,2016-05-07 16:39:55,Pakistan
1,why is pakistan so corrupt,2016-05-07 16:39:55,Pakistan
2,why is pakistan so polluted,2016-05-07 16:39:55,Pakistan
3,why is pakistan so dangerous,2016-05-07 16:39:55,Pakistan
4,why is pakistan so bad,2016-05-07 16:39:55,Pakistan
5,why is pakistan so violent,2016-05-07 16:39:55,Pakistan
6,why is pakistan so populated,2016-05-07 16:39:55,Pakistan
7,why is pakistan so messed up,2016-05-07 16:39:55,Pakistan
8,why is pakistan so hot,2016-05-07 16:39:55,Pakistan
9,why is pakistan so dirty,2016-05-07 16:39:55,Pakistan
0,why is panama so happy,2016-05-07 16:39:55,Panama
1,why is panama so important,2016-05-07 16:39:55,Panama
2,why is panama so cheap,2016-05-07 16:39:55,Panama
3,why is panama so expensive,2016-05-07 16:39:55,Panama
4,why is panama so rich,2016-05-07 16:39:55,Panama
5,why is panama so hot,2016-05-07 16:39:55,Panama
6,why is panama canal so important,2016-05-07 16:39:55,Panama
7,why is the panama canal so strategically important,2016-05-07 16:39:55,Panama
0,why is papua new guinea so poor,2016-05-07 16:39:55,Papua New Guinea
1,why is papua new guinea so dangerous,2016-05-07 16:39:55,Papua New Guinea
2,why is papua new guinea so expensive,2016-05-07 16:39:55,Papua New Guinea
3,why is papua new guinea so linguistically diverse,2016-05-07 16:39:55,Papua New Guinea
4,why is papua new guinea so unexplored,2016-05-07 16:39:55,Papua New Guinea
5,why is papua new guinea so expensive to rent,2016-05-07 16:39:55,Papua New Guinea
6,why is papua new guinea so violent,2016-05-07 16:39:55,Papua New Guinea
7,why is real estate in papua new guinea so expensive,2016-05-07 16:39:55,Papua New Guinea
8,why does papua new guinea have so many languages,2016-05-07 16:39:55,Papua New Guinea
9,why does papua new guinea have so many earthquakes,2016-05-07 16:39:55,Papua New Guinea
0,why is paraguay so poor,2016-05-07 16:39:55,Paraguay
0,why is peru so poor,2016-05-07 16:39:55,Peru
1,why is peru so expensive,2016-05-07 16:39:55,Peru
0,why is philippines so corrupt,2016-05-07 16:39:55,Philippines
1,why is philippines so poor,2016-05-07 16:39:55,Philippines
2,why is philippines so hot,2016-05-07 16:39:55,Philippines
3,why is philippines internet so slow,2016-05-07 16:39:55,Philippines
4,why is the philippines so,2016-05-07 16:39:55,Philippines
0,why is poland so weak,2016-05-07 16:39:55,Poland
1,why is poland so catholic,2016-05-07 16:39:55,Poland
2,why is poland so bad,2016-05-07 16:39:55,Poland
3,why is poland so good civ 5,2016-05-07 16:39:55,Poland
4,why is poland so conservative,2016-05-07 16:39:55,Poland
5,why is poland so religious,2016-05-07 16:39:55,Poland
6,why is poland so poor,2016-05-07 16:39:55,Poland
7,why is poland so racist,2016-05-07 16:39:55,Poland
8,why is poland so cheap,2016-05-07 16:39:55,Poland
9,why is poland so great,2016-05-07 16:39:55,Poland
0,why is portugal so poor,2016-05-07 16:39:55,Portugal
1,why is portugal so small,2016-05-07 16:39:55,Portugal
2,why is portugal so cheap,2016-05-07 16:39:55,Portugal
3,why is portugal so underrated,2016-05-07 16:39:55,Portugal
4,why is portugal so important to exploration,2016-05-07 16:39:55,Portugal
0,why is puerto rico so poor,2016-05-07 16:39:55,Puerto Rico
1,why is puerto rico so important to the us,2016-05-07 16:39:55,Puerto Rico
2,why is puerto rico so expensive,2016-05-07 16:39:55,Puerto Rico
3,why is puerto rico so cheap,2016-05-07 16:39:55,Puerto Rico
4,why is puerto rico so beautiful,2016-05-07 16:39:55,Puerto Rico
5,why is puerto rico so dangerous,2016-05-07 16:39:55,Puerto Rico
6,why is puerto rico so broke,2016-05-07 16:39:55,Puerto Rico
7,why is puerto rico gas so cheap,2016-05-07 16:39:55,Puerto Rico
8,is puerto rico south america,2016-05-07 16:39:55,Puerto Rico
9,is puerto rico south or north america,2016-05-07 16:39:55,Puerto Rico
0,why is qatar so rich,2016-05-07 16:39:55,Qatar
1,why is qatar so hot,2016-05-07 16:39:55,Qatar
2,why is qatar so polluted,2016-05-07 16:39:55,Qatar
3,why is qatar so rich yahoo answers,2016-05-07 16:39:55,Qatar
4,why is qatar so expensive,2016-05-07 16:39:55,Qatar
5,why is qatar so rich yahoo,2016-05-07 16:39:55,Qatar
6,why is qatar airways so cheap,2016-05-07 16:39:55,Qatar
7,why is qatar airways so expensive,2016-05-07 16:39:55,Qatar
8,why is qatar's gdp so high,2016-05-07 16:39:55,Qatar
0,why is romania so poor,2016-05-07 16:39:55,Romania
1,why is romania so corrupt,2016-05-07 16:39:55,Romania
2,why is romania so hated,2016-05-07 16:39:55,Romania
3,why is romania so religious,2016-05-07 16:39:55,Romania
0,why is russia so big,2016-05-07 16:39:55,Russia
1,why is russia so cold,2016-05-07 16:39:55,Russia
2,why is russia so poor,2016-05-07 16:39:55,Russia
3,why is russia so crazy,2016-05-07 16:39:55,Russia
4,why is russia so powerful,2016-05-07 16:39:55,Russia
5,why is russia so corrupt,2016-05-07 16:39:55,Russia
6,why is russia so homophobic,2016-05-07 16:39:55,Russia
7,why is russia so weird,2016-05-07 16:39:55,Russia
8,why is russia so depressing,2016-05-07 16:39:55,Russia
9,why is russia so bad,2016-05-07 16:39:55,Russia
0,why is rwanda so poor,2016-05-07 16:39:55,Rwanda
1,why is rwanda so densely populated,2016-05-07 16:39:55,Rwanda
2,why is rwanda so clean,2016-05-07 16:39:55,Rwanda
3,why is the life expectancy in rwanda so low,2016-05-07 16:39:55,Rwanda
0,why is saudi arabia so rich,2016-05-07 16:39:55,Saudi Arabia
1,why is saudi arabia so conservative,2016-05-07 16:39:55,Saudi Arabia
2,why is saudi arabia so backward,2016-05-07 16:39:55,Saudi Arabia
3,why is saudi arabia so rich in oil,2016-05-07 16:39:55,Saudi Arabia
4,why is saudi arabia so evil,2016-05-07 16:39:55,Saudi Arabia
5,why is saudi arabia so important to islam,2016-05-07 16:39:55,Saudi Arabia
6,why is saudi arabia so hot,2016-05-07 16:39:55,Saudi Arabia
7,why is saudi arabia so strict,2016-05-07 16:39:55,Saudi Arabia
8,why is saudi arabia so important,2016-05-07 16:39:55,Saudi Arabia
9,why is saudi arabia so powerful,2016-05-07 16:39:55,Saudi Arabia
0,why is senegal so poor,2016-05-07 16:39:56,Senegal
0,why is serbia so poor,2016-05-07 16:39:56,Serbia
1,why is serbia so hated,2016-05-07 16:39:56,Serbia
2,why is serbia so bad,2016-05-07 16:39:56,Serbia
3,why is serbia so important,2016-05-07 16:39:56,Serbia
4,why is serbia so racist,2016-05-07 16:39:56,Serbia
5,why is serbia so good at sports,2016-05-07 16:39:56,Serbia
6,why is serbia so good at tennis,2016-05-07 16:39:56,Serbia
7,why is serbia so awesome,2016-05-07 16:39:56,Serbia
8,why is serbia so good at basketball,2016-05-07 16:39:56,Serbia
9,why is serbia so,2016-05-07 16:39:56,Serbia
0,why is singapore so rich,2016-05-07 16:39:56,Singapore
1,why is singapore so healthy,2016-05-07 16:39:56,Singapore
2,why is singapore so expensive,2016-05-07 16:39:56,Singapore
3,why is singapore so clean,2016-05-07 16:39:56,Singapore
4,why is singapore so strict,2016-05-07 16:39:56,Singapore
5,why is singapore so smart,2016-05-07 16:39:56,Singapore
6,why is singapore so safe,2016-05-07 16:39:56,Singapore
7,why is singapore so successful,2016-05-07 16:39:56,Singapore
8,why is singapore so expensive to live in,2016-05-07 16:39:56,Singapore
9,why is singapore so hot,2016-05-07 16:39:56,Singapore
0,why is slovenia so expensive,2016-05-07 16:39:56,Slovenia
1,why is slovenia so small,2016-05-07 16:39:56,Slovenia
2,why is slovenia so rich,2016-05-07 16:39:56,Slovenia
3,why is slovenia so,2016-05-07 16:39:56,Slovenia
4,why is slovenia so beautiful,2016-05-07 16:39:56,Slovenia
0,why is somalia so bad,2016-05-07 16:39:56,Somalia
1,why is somalia so dangerous,2016-05-07 16:39:56,Somalia
2,why is somalia so poor,2016-05-07 16:39:56,Somalia
3,why is somalia so messed up,2016-05-07 16:39:56,Somalia
4,why is somalia so corrupt,2016-05-07 16:39:56,Somalia
5,why is somalia so unstable,2016-05-07 16:39:56,Somalia
6,why is somalia so violent,2016-05-07 16:39:56,Somalia
7,why is somalia so dry,2016-05-07 16:39:56,Somalia
0,why is south africa so rich,2016-05-07 16:39:56,South Africa
1,why is south africa so poor,2016-05-07 16:39:56,South Africa
2,why is south africa so dangerous,2016-05-07 16:39:56,South Africa
3,why is south africa so violent,2016-05-07 16:39:56,South Africa
4,why is south africa so white,2016-05-07 16:39:56,South Africa
5,why is south africa so developed,2016-05-07 16:39:56,South Africa
6,why is south africa so diverse,2016-05-07 16:39:56,South Africa
7,why is south africa so important,2016-05-07 16:39:56,South Africa
8,why is south africa so successful,2016-05-07 16:39:56,South Africa
9,why is south africa so racist,2016-05-07 16:39:56,South Africa
0,why is spain so poor,2016-05-07 16:39:56,Spain
1,why is spain so good at soccer,2016-05-07 16:39:56,Spain
2,why is spain so gay friendly,2016-05-07 16:39:56,Spain
3,why is spain so dry,2016-05-07 16:39:56,Spain
4,why is spain so popular,2016-05-07 16:39:56,Spain
5,why is spain so important,2016-05-07 16:39:56,Spain
6,why is spain so warm,2016-05-07 16:39:56,Spain
7,why is spain so corrupt,2016-05-07 16:39:56,Spain
8,why is spain so racist,2016-05-07 16:39:56,Spain
9,why is spain so divided,2016-05-07 16:39:56,Spain
0,why is sri lanka so poor,2016-05-07 16:39:56,Sri Lanka
1,why is sri lanka so expensive,2016-05-07 16:39:56,Sri Lanka
2,why sri lankan names so long,2016-05-07 16:39:56,Sri Lanka
0,why is sudan so poor,2016-05-07 16:39:56,Sudan
1,why is sudan so dangerous,2016-05-07 16:39:56,Sudan
2,why is south sudan fighting,2016-05-07 16:39:56,Sudan
3,why is south sudan at war,2016-05-07 16:39:56,Sudan
4,why is south sudan a failed state,2016-05-07 16:39:56,Sudan
5,why is south sudan a country,2016-05-07 16:39:56,Sudan
6,why is south sudan in a civil war,2016-05-07 16:39:56,Sudan
7,why is south sudan,2016-05-07 16:39:56,Sudan
8,why is south sudan in poverty,2016-05-07 16:39:56,Sudan
9,why south sudan conflict,2016-05-07 16:39:56,Sudan
0,why is sweden so rich,2016-05-07 16:39:56,Sweden
1,why is sweden so happy,2016-05-07 16:39:56,Sweden
2,why is sweden so gay,2016-05-07 16:39:56,Sweden
3,why is sweden so great,2016-05-07 16:39:56,Sweden
4,why is sweden socialist,2016-05-07 16:39:56,Sweden
5,why is sweden so liberal,2016-05-07 16:39:56,Sweden
6,why is sweden so expensive,2016-05-07 16:39:56,Sweden
7,why is sweden so successful,2016-05-07 16:39:56,Sweden
8,why is sweden so green,2016-05-07 16:39:56,Sweden
9,why is sweden so bad,2016-05-07 16:39:56,Sweden
0,why is switzerland so rich,2016-05-07 16:39:56,Switzerland
1,why is switzerland so happy,2016-05-07 16:39:56,Switzerland
2,why is switzerland so safe,2016-05-07 16:39:56,Switzerland
3,why is switzerland so neutral,2016-05-07 16:39:56,Switzerland
4,why is switzerland so expensive,2016-05-07 16:39:56,Switzerland
5,why is switzerland so peaceful,2016-05-07 16:39:56,Switzerland
6,why is switzerland so great,2016-05-07 16:39:56,Switzerland
7,why is switzerland so awesome,2016-05-07 16:39:56,Switzerland
8,why is switzerland so clean,2016-05-07 16:39:56,Switzerland
9,why is switzerland so nice,2016-05-07 16:39:56,Switzerland
0,syrian arab republic soccerway,2016-05-07 16:39:57,Syrian Arab Republic
0,why is tajikistan so poor,2016-05-07 16:39:57,Tajikistan
0,why is thailand so cheap,2016-05-07 16:39:57,Thailand
1,why is thailand so poor,2016-05-07 16:39:57,Thailand
2,why is thailand so popular,2016-05-07 16:39:57,Thailand
3,why is thailand so dangerous,2016-05-07 16:39:57,Thailand
4,why is thailand so corrupt,2016-05-07 16:39:57,Thailand
5,why is thailand so dirty,2016-05-07 16:39:57,Thailand
6,why is thailand so unstable,2016-05-07 16:39:57,Thailand
7,why is thailand so hot,2016-05-07 16:39:57,Thailand
8,why is thailand so gay,2016-05-07 16:39:57,Thailand
9,why is thailand so cold,2016-05-07 16:39:57,Thailand
0,why is tunisia so poor,2016-05-07 16:39:57,Tunisia
1,why is tunisia so cheap,2016-05-07 16:39:57,Tunisia
2,why is tunisia so cheap 2015,2016-05-07 16:39:57,Tunisia
3,why is tunisia so cheap for holidays,2016-05-07 16:39:57,Tunisia
0,why is turkey so dry,2016-05-07 16:39:57,Turkey
1,why is turkey so healthy,2016-05-07 16:39:57,Turkey
2,why is turkey so powerful,2016-05-07 16:39:57,Turkey
3,why is turkey so expensive,2016-05-07 16:39:57,Turkey
4,why is turkey so important,2016-05-07 16:39:57,Turkey
5,why is turkey so high in sodium,2016-05-07 16:39:57,Turkey
6,why is turkey so secular,2016-05-07 16:39:57,Turkey
7,why is turkey so cheap,2016-05-07 16:39:57,Turkey
8,why is turkey so cheap this year 2016,2016-05-07 16:39:57,Turkey
9,why is turkey so poor,2016-05-07 16:39:57,Turkey
0,why is tajikistan so poor,2016-05-07 16:39:57,Turkeministan
1,why is turkmenistan so poor,2016-05-07 16:39:57,Turkeministan
0,why is uganda so poor,2016-05-07 16:39:57,Uganda
1,why is uganda so homophobic,2016-05-07 16:39:57,Uganda
2,why is uganda in somalia,2016-05-07 16:39:57,Uganda
3,why is uganda in south sudan,2016-05-07 16:39:57,Uganda
0,why is ukraine so poor,2016-05-07 16:39:57,Ukraine
1,why is ukraine so corrupt,2016-05-07 16:39:57,Ukraine
2,why is ukraine so big,2016-05-07 16:39:57,Ukraine
3,why is ukraine sometimes called the ukraine,2016-05-07 16:39:57,Ukraine
4,why is ukraine so important to russia,2016-05-07 16:39:57,Ukraine
5,why is ukraine so dangerous,2016-05-07 16:39:57,Ukraine
6,why is ukraine so cheap,2016-05-07 16:39:57,Ukraine
7,why is ukraine so fertile,2016-05-07 16:39:57,Ukraine
8,why is ukraine so important,2016-05-07 16:39:57,Ukraine
9,why is ukraine so racist,2016-05-07 16:39:57,Ukraine
0,why is united arab emirates so rich,2016-05-07 16:39:57,United Arab Emirates
1,united arab emirates soccerway,2016-05-07 16:39:57,United Arab Emirates
2,united arab emirates soccer,2016-05-07 16:39:57,United Arab Emirates
3,united arab emirates soccer team,2016-05-07 16:39:57,United Arab Emirates
4,united arab emirates soccer league,2016-05-07 16:39:57,United Arab Emirates
5,united arab emirates songs,2016-05-07 16:39:57,United Arab Emirates
6,united arab emirates sovereign wealth fund,2016-05-07 16:39:57,United Arab Emirates
7,united arab emirates soccer results,2016-05-07 16:39:57,United Arab Emirates
8,united arab emirates social customs,2016-05-07 16:39:57,United Arab Emirates
9,united arab emirates society,2016-05-07 16:39:57,United Arab Emirates
0,why is united kingdom so rich,2016-05-07 16:39:57,United Kingdom
1,why is the united kingdom so powerful,2016-05-07 16:39:57,United Kingdom
2,is united kingdom socialist,2016-05-07 16:39:57,United Kingdom
0,why is the united states of america so powerful,2016-05-07 16:39:57,United States of America
1,why is there no united states of south america,2016-05-07 16:39:57,United States of America
2,united states of america song,2016-05-07 16:39:57,United States of America
3,united states of america song lyrics,2016-05-07 16:39:57,United States of America
4,united states of america social security administration,2016-05-07 16:39:57,United States of America
5,united states of america soccer team,2016-05-07 16:39:57,United States of America
6,united states of america social security administration check verification,2016-05-07 16:39:57,United States of America
7,united states of america soccer,2016-05-07 16:39:57,United States of America
8,united states of america social security administration baltimore maryland,2016-05-07 16:39:57,United States of America
9,united states of america songs list,2016-05-07 16:39:57,United States of America
0,why is uruguay so white,2016-05-07 16:39:57,Uruguay
1,why is uruguay so secular,2016-05-07 16:39:57,Uruguay
2,why is uruguay so liberal,2016-05-07 16:39:57,Uruguay
3,why is uruguay so good at soccer,2016-05-07 16:39:57,Uruguay
4,why is uruguay so expensive,2016-05-07 16:39:57,Uruguay
5,why is uruguay so good at football,2016-05-07 16:39:57,Uruguay
0,why is venezuela so poor,2016-05-07 16:39:58,Venezuela
1,why is venezuela so dangerous,2016-05-07 16:39:58,Venezuela
2,why is venezuela so corrupt,2016-05-07 16:39:58,Venezuela
3,why is venezuela socialist,2016-05-07 16:39:58,Venezuela
4,why is venezuela so expensive,2016-05-07 16:39:58,Venezuela
5,why is venezuela so bad,2016-05-07 16:39:58,Venezuela
6,why is venezuela so cheap for petrol,2016-05-07 16:39:58,Venezuela
7,why is venezuela gas so cheap,2016-05-07 16:39:58,Venezuela
8,why is venezuela fuel so cheap,2016-05-07 16:39:58,Venezuela
9,why sos venezuela,2016-05-07 16:39:58,Venezuela
0,why is vietnam so important,2016-05-07 16:39:58,Vietnam
1,why is vietnam so cheap,2016-05-07 16:39:58,Vietnam
2,why is vietnam so special,2016-05-07 16:39:58,Vietnam
3,why is vietnam so poor,2016-05-07 16:39:58,Vietnam
4,why is vietnam so corrupt,2016-05-07 16:39:58,Vietnam
5,why is vietnam so hot,2016-05-07 16:39:58,Vietnam
6,why is vietnam so dirty,2016-05-07 16:39:58,Vietnam
7,why is vietnam so polluted,2016-05-07 16:39:58,Vietnam
8,why is vietnam so happy,2016-05-07 16:39:58,Vietnam
9,why is vietnam so populated,2016-05-07 16:39:58,Vietnam
0,why is western sahara so sparsely populated,2016-05-07 16:39:58,Western Sahara
0,why is yemen so poor,2016-05-07 16:39:58,Yemen
1,why is yemen so important,2016-05-07 16:39:58,Yemen
2,why is yemen so dangerous,2016-05-07 16:39:58,Yemen
3,why is yemen so unstable,2016-05-07 16:39:58,Yemen
4,why is yemeni honey so expensive,2016-05-07 16:39:58,Yemen
5,why are yemen so dark,2016-05-07 16:39:58,Yemen
6,why the future of yemen is so important,2016-05-07 16:39:58,Yemen
7,why is yemen the poorest country in southwest asia,2016-05-07 16:39:58,Yemen
0,why is zambia so poor,2016-05-07 16:39:58,Zambia
1,why is zambia life expectancy so low,2016-05-07 16:39:58,Zambia
0,why is zimbabwe so poor,2016-05-07 16:39:58,Zimbabwe
1,why is zimbabwe so expensive,2016-05-07 16:39:58,Zimbabwe
2,why is zimbabwe's economy so bad,2016-05-07 16:39:58,Zimbabwe
3,why is zimbabwe inflation so high,2016-05-07 16:39:58,Zimbabwe
4,why is the zimbabwe dollar so weak,2016-05-07 16:39:58,Zimbabwe
0,why is democratic republic of congo so poor,2016-05-07 16:39:58,Democratic Republic of Congo
1,why is the democratic republic of congo so dangerous,2016-05-07 16:39:58,Democratic Republic of Congo
2,why is the democratic republic of congo so undernourished,2016-05-07 16:39:58,Democratic Republic of Congo
3,democratic republic of congo soccer team lightning,2016-05-07 16:39:58,Democratic Republic of Congo
4,democratic republic of congo soccer team,2016-05-07 16:39:58,Democratic Republic of Congo
5,democratic republic of congo soccer jersey,2016-05-07 16:39:58,Democratic Republic of Congo
6,democratic republic of congo social issues,2016-05-07 16:39:58,Democratic Republic of Congo
7,democratic republic of congo soccer,2016-05-07 16:39:58,Democratic Republic of Congo
8,democratic republic of congo soccer lightning,2016-05-07 16:39:58,Democratic Republic of Congo
9,democratic republic of congo social classes,2016-05-07 16:39:58,Democratic Republic of Congo
0,why is algeria so hot,2016-05-07 16:39:58,Algeria
1,why is algeria so poor,2016-05-07 16:39:58,Algeria
2,why is algeria so dangerous,2016-05-07 16:39:58,Algeria
3,why is algeria so,2016-05-07 16:39:58,Algeria
4,why was algeria so important to france,2016-05-07 16:39:58,Algeria
